source_id;dest_id;capacity;cost;min_flow
P_BELLEVILLE;C_ORLEANS;2620000;8.45;0
P_BELLEVILLE;C_CRETEIL;2620000;14.49;0
P_BELLEVILLE;C_VITRY_SUR_SEINE;2620000;14.62;0
P_BLAYAIS_(LE);C_BORDEAUX;3640000;4.75;0
P_BLAYAIS_(LE);C_LIMOGES;3640000;16.49;0
P_BLAYAIS_(LE);C_POITIERS;3640000;16.73;0
P_BUGEY_(LE);C_VILLEURBANNE;3580000;2.93;0
P_BUGEY_(LE);C_LYON;3580000;3.36;0
P_BUGEY_(LE);C_ANNECY;3580000;6.77;0
P_CATTENOM;C_METZ;5200000;3.31;0
P_CATTENOM;C_NANCY;5200000;8.05;0
P_CATTENOM;C_STRASBOURG;5200000;14.59;0
P_CHINON_B;C_TOURS;3620000;4.31;0
P_CHINON_B;C_ANGERS;3620000;6.17;0
P_CHINON_B;C_POITIERS;3620000;7.33;0
P_CHOOZ_B;C_REIMS;3000000;10.74;0
P_CHOOZ_B;C_ROUBAIX;3000000;13.24;0
P_CHOOZ_B;C_TOURCOING;3000000;13.59;0
P_CIVAUX;C_POITIERS;2990000;2.7;0
P_CIVAUX;C_LIMOGES;2990000;8.43;0
P_CIVAUX;C_TOURS;2990000;10.37;0
P_CRUAS;C_AVIGNON;3660000;7.61;0
P_CRUAS;C_NIMES;3660000;9.38;0
P_CRUAS;C_SAINT_ETIENNE;3660000;9.42;0
P_DAMPIERRE_EN_BURLY;C_ORLEANS;3560000;4.92;0
P_DAMPIERRE_EN_BURLY;C_CRETEIL;3560000;11.69;0
P_DAMPIERRE_EN_BURLY;C_VITRY_SUR_SEINE;3560000;11.73;0
P_FLAMANVILLE;C_CAEN;2660000;11.64;0
P_FLAMANVILLE;C_LE_HAVRE;2660000;14.38;0
P_FLAMANVILLE;C_RENNES;2660000;15.85;0
P_GOLFECH;C_TOULOUSE;2620000;7.35;0
P_GOLFECH;C_PAU;2620000;13.3;0
P_GOLFECH;C_BORDEAUX;2620000;13.93;0
P_GRAVELINES;C_DUNKERQUE;5460000;1.68;0
P_GRAVELINES;C_LILLE;5460000;7.73;0
P_GRAVELINES;C_TOURCOING;5460000;7.79;0
P_NOGENT_SUR_SEINE;C_CRETEIL;2620000;8.32;0
P_NOGENT_SUR_SEINE;C_VITRY_SUR_SEINE;2620000;8.79;0
P_NOGENT_SUR_SEINE;C_MONTREUIL;2620000;8.8;0
P_PALUEL;C_LE_HAVRE;5320000;5.55;0
P_PALUEL;C_ROUEN;5320000;5.71;0
P_PALUEL;C_CAEN;5320000;10.45;0
P_PENLY;C_ROUEN;2660000;5.98;0
P_PENLY;C_AMIENS;2660000;7.82;0
P_PENLY;C_LE_HAVRE;2660000;9.56;0
P_ST_ALBAN_ST_MAURICE;C_SAINT_ETIENNE;2670000;2.9;0
P_ST_ALBAN_ST_MAURICE;C_LYON;2670000;4.04;0
P_ST_ALBAN_ST_MAURICE;C_VILLEURBANNE;2670000;4.21;0
P_ST_LAURENT_DES_EAUX_B;C_ORLEANS;1830000;3.19;0
P_ST_LAURENT_DES_EAUX_B;C_TOURS;1830000;7.64;0
P_ST_LAURENT_DES_EAUX_B;C_LE_MANS;1830000;10.78;0
P_TRICASTIN_(LE);C_AVIGNON;3660000;4.23;0
P_TRICASTIN_(LE);C_NIMES;3660000;6.2;0
P_TRICASTIN_(LE);C_MONTPELLIER;3660000;10.49;0
P_ARRIGHI;C_VITRY_SUR_SEINE;254000;0.15;0
P_ARRIGHI;C_CRETEIL;254000;0.37;0
P_ARRIGHI;C_MONTREUIL;254000;0.84;0
P_BLENOD;C_NANCY;427000;2.09;0
P_BLENOD;C_METZ;427000;2.9;0
P_BLENOD;C_STRASBOURG;427000;12.7;0
P_BOUCHAIN;C_LILLE;585000;4.13;0
P_BOUCHAIN;C_ROUBAIX;585000;4.51;0
P_BOUCHAIN;C_TOURCOING;585000;4.92;0
P_BRENNILIS;C_BREST;304000;4.56;0
P_BRENNILIS;C_RENNES;304000;16.46;0
P_BRENNILIS;C_NANTES;304000;21.43;0
P_CORDEMAIS;C_NANTES;1160000;2.5;0
P_CORDEMAIS;C_RENNES;1160000;9.48;0
P_CORDEMAIS;C_ANGERS;1160000;10.13;0
P_DIRINON;C_BREST;170000;1.63;0
P_DIRINON;C_RENNES;170000;19.39;0
P_DIRINON;C_NANTES;170000;24.07;0
P_GENNEVILLIERS;C_ARGENTEUIL;203000;0.15;0
P_GENNEVILLIERS;C_COURBEVOIE;203000;0.45;0
P_GENNEVILLIERS;C_NANTERRE;203000;0.6;0
P_MARTIGUES_PONTEAU;C_MARSEILLE;930000;2.9;0
P_MARTIGUES_PONTEAU;C_AIX_EN_PROVENCE;930000;3.93;0
P_MARTIGUES_PONTEAU;C_AVIGNON;930000;6.8;0
P_MONTEREAU;C_CRETEIL;370000;5.27;0
P_MONTEREAU;C_VITRY_SUR_SEINE;370000;5.56;0
P_MONTEREAU;C_MONTREUIL;370000;6.11;0
P_VAIRES_SUR_MARNE;C_MONTREUIL;542000;1.5;0
P_VAIRES_SUR_MARNE;C_CRETEIL;542000;1.68;0
P_VAIRES_SUR_MARNE;C_VITRY_SUR_SEINE;542000;2.09;0
P_BATHIE_(LA);C_ANNECY;602000;3.74;0
P_BATHIE_(LA);C_GRENOBLE;602000;7.58;0
P_BATHIE_(LA);C_VILLEURBANNE;602000;12.15;0
P_GRAND_MAISON;C_GRENOBLE;1714000;2.6;0
P_GRAND_MAISON;C_ANNECY;1714000;8.4;0
P_GRAND_MAISON;C_VILLEURBANNE;1714000;11.42;0
P_REVIN;C_REIMS;800000;8.52;0
P_REVIN;C_ROUBAIX;800000;13.29;0
P_REVIN;C_LILLE;800000;13.54;0
P_MONTEZIC;C_CLERMONT_FERRAND;910000;12.16;0
P_MONTEZIC;C_TOULOUSE;910000;15.74;0
P_MONTEZIC;C_SAINT_ETIENNE;910000;15.8;0
P_VILLARODIN;C_GRENOBLE;364000;7.78;0
P_VILLARODIN;C_ANNECY;364000;8.9;0
P_VILLARODIN;C_VILLEURBANNE;364000;15.53;0
P_MALGOVERT;C_ANNECY;297000;6.01;0
P_MALGOVERT;C_GRENOBLE;297000;9.59;0
P_MALGOVERT;C_VILLEURBANNE;297000;14.86;0
P_POUGET_(LE);C_MONTPELLIER;446900;10.19;0
P_POUGET_(LE);C_TOULOUSE;446900;11.76;0
P_POUGET_(LE);C_NIMES;446900;12.98;0
P_COCHE_(LA);C_ANNECY;384000;5.4;0
P_COCHE_(LA);C_GRENOBLE;384000;7.04;0
P_COCHE_(LA);C_VILLEURBANNE;384000;12.99;0
P_CHEYLAS_(LE);C_GRENOBLE;485000;3.07;0
P_CHEYLAS_(LE);C_ANNECY;485000;5.81;0
P_CHEYLAS_(LE);C_VILLEURBANNE;485000;9.66;0
P_MONTEYNARD;C_GRENOBLE;366000;2.54;0
P_MONTEYNARD;C_VILLEURBANNE;366000;10.96;0
P_MONTEYNARD;C_ANNECY;366000;10.98;0
P_BROMMAT;C_CLERMONT_FERRAND;406000;11.66;0
P_BROMMAT;C_SAINT_ETIENNE;406000;15.32;0
P_BROMMAT;C_MONTPELLIER;406000;16.0;0
P_SUPER_BISSORTE;C_GRENOBLE;742300;6.68;0
P_SUPER_BISSORTE;C_ANNECY;742300;8.51;0
P_SUPER_BISSORTE;C_VILLEURBANNE;742300;14.6;0
P_SERRE_PONCON;C_GRENOBLE;384000;9.09;0
P_SERRE_PONCON;C_NICE;384000;11.56;0
P_SERRE_PONCON;C_AIX_EN_PROVENCE;384000;12.36;0
P_VOUGLANS;C_ANNECY;285000;6.59;0
P_VOUGLANS;C_VILLEURBANNE;285000;9.15;0
P_VOUGLANS;C_LYON;285000;9.5;0
P_PRAGNERES;C_PAU;189200;6.12;0
P_PRAGNERES;C_TOULOUSE;189200;14.52;0
P_PRAGNERES;C_BORDEAUX;189200;22.92;0
P_BORT;C_CLERMONT_FERRAND;235000;6.11;0
P_BORT;C_LIMOGES;235000;10.7;0
P_BORT;C_SAINT_ETIENNE;235000;14.74;0
P_AIGLE_(L');C_CLERMONT_FERRAND;360000;8.97;0
P_AIGLE_(L');C_LIMOGES;360000;9.97;0
P_AIGLE_(L');C_SAINT_ETIENNE;360000;17.04;0
P_SAINT_GUILLERME_II;C_GRENOBLE;116000;3.26;0
P_SAINT_GUILLERME_II;C_ANNECY;116000;9.69;0
P_SAINT_GUILLERME_II;C_VILLEURBANNE;116000;12.39;0
P_MONTAHUT;C_MONTPELLIER;95000;7.6;0
P_MONTAHUT;C_PERPIGNAN;95000;9.83;0
P_MONTAHUT;C_NIMES;95000;11.83;0
P_HOSPITALET_(L');C_PERPIGNAN;92800;9.05;0
P_HOSPITALET_(L');C_TOULOUSE;92800;11.66;0
P_HOSPITALET_(L');C_PAU;92800;19.32;0
P_COMBE_D'AVRIEUX;C_GRENOBLE;123000;7.78;0
P_COMBE_D'AVRIEUX;C_ANNECY;123000;8.87;0
P_COMBE_D'AVRIEUX;C_VILLEURBANNE;123000;15.52;0
P_ORLU;C_PERPIGNAN;88800;8.04;0
P_ORLU;C_TOULOUSE;88800;10.86;0
P_ORLU;C_MONTPELLIER;88800;18.95;0
P_MONTPEZAT;C_SAINT_ETIENNE;131800;8.27;0
P_MONTPEZAT;C_AVIGNON;131800;9.56;0
P_MONTPEZAT;C_NIMES;131800;9.7;0
P_SARRANS;C_CLERMONT_FERRAND;183000;10.89;0
P_SARRANS;C_SAINT_ETIENNE;183000;14.6;0
P_SARRANS;C_LIMOGES;183000;16.08;0
P_SAINTE_CROIX;C_AIX_EN_PROVENCE;132270;5.99;0
P_SAINTE_CROIX;C_TOULON;132270;7.02;0
P_SAINTE_CROIX;C_MARSEILLE;132270;7.88;0
P_CHASTANG_(LE);C_LIMOGES;293000;9.57;0
P_CHASTANG_(LE);C_CLERMONT_FERRAND;293000;10.92;0
P_CHASTANG_(LE);C_TOULOUSE;293000;17.77;0
P_GRANDVAL;C_CLERMONT_FERRAND;74100;9.51;0
P_GRANDVAL;C_SAINT_ETIENNE;74100;11.79;0
P_GRANDVAL;C_NIMES;74100;15.82;0
P_VOGELGRUN;C_MULHOUSE;140500;3.48;0
P_VOGELGRUN;C_STRASBOURG;140500;6.29;0
P_VOGELGRUN;C_NANCY;140500;12.7;0
P_ASTON;C_TOULOUSE;104000;9.4;0
P_ASTON;C_PERPIGNAN;104000;9.99;0
P_ASTON;C_PAU;104000;17.61;0
P_COUESQUE;C_CLERMONT_FERRAND;119000;12.66;0
P_COUESQUE;C_TOULOUSE;119000;15.15;0
P_COUESQUE;C_MONTPELLIER;119000;15.87;0
P_CURBANS;C_GRENOBLE;139000;8.66;0
P_CURBANS;C_AIX_EN_PROVENCE;139000;11.32;0
P_CURBANS;C_AVIGNON;139000;11.43;0
P_FESSENHEIM;C_MULHOUSE;175000;2.53;0
P_FESSENHEIM;C_STRASBOURG;175000;7.44;0
P_FESSENHEIM;C_NANCY;175000;13.41;0
P_GERSTHEIM;C_STRASBOURG;139400;1.89;0
P_GERSTHEIM;C_MULHOUSE;139400;7.82;0
P_GERSTHEIM;C_NANCY;139400;11.8;0
P_HERMILLON;C_GRENOBLE;129139;5.12;0
P_HERMILLON;C_ANNECY;129139;7.07;0
P_HERMILLON;C_VILLEURBANNE;129139;12.69;0
P_KEMBS;C_MULHOUSE;162100;1.74;0
P_KEMBS;C_STRASBOURG;162100;10.37;0
P_KEMBS;C_BESANCON;162100;12.16;0
P_MARCKOLSHEIM;C_STRASBOURG;156200;4.82;0
P_MARCKOLSHEIM;C_MULHOUSE;156200;4.86;0
P_MARCKOLSHEIM;C_NANCY;156200;11.96;0
P_ORAISON;C_AIX_EN_PROVENCE;187500;5.8;0
P_ORAISON;C_MARSEILLE;187500;8.26;0
P_ORAISON;C_TOULON;187500;8.86;0
P_OTTMARSHEIM;C_MULHOUSE;156500;1.42;0
P_OTTMARSHEIM;C_STRASBOURG;156500;9.05;0
P_OTTMARSHEIM;C_BESANCON;156500;12.73;0
P_PASSY;C_ANNECY;104000;4.63;0
P_PASSY;C_GRENOBLE;104000;11.25;0
P_PASSY;C_VILLEURBANNE;104000;14.32;0
P_PIED_DE_BORNE;C_NIMES;109400;7.74;0
P_PIED_DE_BORNE;C_AVIGNON;109400;8.79;0
P_PIED_DE_BORNE;C_MONTPELLIER;109400;9.69;0
P_RANCE;C_RENNES;240000;6.13;0
P_RANCE;C_CAEN;240000;13.63;0
P_RANCE;C_NANTES;240000;15.95;0
P_RANDENS;C_ANNECY;124000;4.39;0
P_RANDENS;C_GRENOBLE;124000;5.99;0
P_RANDENS;C_VILLEURBANNE;124000;11.45;0
P_RHINAU;C_STRASBOURG;168600;3.26;0
P_RHINAU;C_MULHOUSE;168600;6.45;0
P_RHINAU;C_NANCY;168600;11.89;0
P_SAINT_CHAMAS;C_AIX_EN_PROVENCE;159000;3.02;0
P_SAINT_CHAMAS;C_MARSEILLE;159000;3.51;0
P_SAINT_CHAMAS;C_AVIGNON;159000;5.16;0
P_SAINT_ESTEVE;C_AIX_EN_PROVENCE;146000;1.87;0
P_SAINT_ESTEVE;C_MARSEILLE;146000;4.4;0
P_SAINT_ESTEVE;C_AVIGNON;146000;5.46;0
P_SAINT_ETIENNE_CANTALES;C_CLERMONT_FERRAND;103250;11.47;0
P_SAINT_ETIENNE_CANTALES;C_LIMOGES;103250;12.39;0
P_SAINT_ETIENNE_CANTALES;C_TOULOUSE;103250;16.14;0
P_SAINT_PIERRE_COGNET;C_GRENOBLE;101000;3.54;0
P_SAINT_PIERRE_COGNET;C_ANNECY;101000;11.76;0
P_SAINT_PIERRE_COGNET;C_VILLEURBANNE;101000;12.15;0
P_SAUSSAZ_II_(LA);C_GRENOBLE;150000;5.89;0
P_SAUSSAZ_II_(LA);C_ANNECY;150000;8.17;0
P_SAUSSAZ_II_(LA);C_VILLEURBANNE;150000;13.87;0
P_SISTERON;C_AIX_EN_PROVENCE;240000;8.43;0
P_SISTERON;C_AVIGNON;240000;9.34;0
P_SISTERON;C_GRENOBLE;240000;11.01;0
P_STRASBOURG;C_STRASBOURG;149200;0.63;0
P_STRASBOURG;C_MULHOUSE;149200;9.27;0
P_STRASBOURG;C_NANCY;149200;12.0;0
C_PARIS;C_MONTREUIL;5000000;0.71;0
C_PARIS;C_COURBEVOIE;5000000;0.83;0
C_PARIS;C_BOULOGNE_BILLANCOURT;5000000;0.84;0
C_MARSEILLE;C_AIX_EN_PROVENCE;5000000;2.67;0
C_MARSEILLE;C_TOULON;5000000;4.91;0
C_MARSEILLE;C_AVIGNON;5000000;8.56;0
C_LYON;C_VILLEURBANNE;5000000;0.43;0
C_LYON;C_SAINT_ETIENNE;5000000;5.02;0
C_LYON;C_GRENOBLE;5000000;9.43;0
C_TOULOUSE;C_PAU;5000000;15.05;0
C_TOULOUSE;C_PERPIGNAN;5000000;15.56;0
C_TOULOUSE;C_MONTPELLIER;5000000;19.58;0
C_NICE;C_TOULON;5000000;12.59;0
C_NICE;C_AIX_EN_PROVENCE;5000000;14.74;0
C_NICE;C_MARSEILLE;5000000;15.94;0
C_NANTES;C_ANGERS;5000000;8.0;0
C_NANTES;C_RENNES;5000000;10.04;0
C_NANTES;C_LE_MANS;5000000;15.79;0
C_STRASBOURG;C_MULHOUSE;5000000;9.65;0
C_STRASBOURG;C_NANCY;5000000;11.6;0
C_STRASBOURG;C_METZ;5000000;13.03;0
C_MONTPELLIER;C_NIMES;5000000;4.63;0
C_MONTPELLIER;C_AVIGNON;5000000;8.35;0
C_MONTPELLIER;C_MARSEILLE;5000000;12.55;0
C_BORDEAUX;C_PAU;5000000;17.23;0
C_BORDEAUX;C_LIMOGES;5000000;18.15;0
C_BORDEAUX;C_POITIERS;5000000;20.65;0
C_LILLE;C_ROUBAIX;5000000;1.1;0
C_LILLE;C_TOURCOING;5000000;1.27;0
C_LILLE;C_DUNKERQUE;5000000;6.57;0
C_RENNES;C_NANTES;5000000;10.04;0
C_RENNES;C_ANGERS;5000000;10.94;0
C_RENNES;C_LE_MANS;5000000;14.01;0
C_REIMS;C_MONTREUIL;5000000;12.34;0
C_REIMS;C_CRETEIL;5000000;12.57;0
C_REIMS;C_SAINT_DENIS;5000000;12.71;0
C_LE_HAVRE;C_CAEN;5000000;4.9;0
C_LE_HAVRE;C_ROUEN;5000000;7.19;0
C_LE_HAVRE;C_AMIENS;5000000;16.35;0
C_SAINT_ETIENNE;C_LYON;5000000;5.02;0
C_SAINT_ETIENNE;C_VILLEURBANNE;5000000;5.38;0
C_SAINT_ETIENNE;C_CLERMONT_FERRAND;5000000;10.79;0
C_TOULON;C_MARSEILLE;5000000;4.91;0
C_TOULON;C_AIX_EN_PROVENCE;5000000;5.95;0
C_TOULON;C_NICE;5000000;12.59;0
C_GRENOBLE;C_ANNECY;5000000;8.51;0
C_GRENOBLE;C_VILLEURBANNE;5000000;9.19;0
C_GRENOBLE;C_LYON;5000000;9.43;0
C_DIJON;C_BESANCON;5000000;7.47;0
C_DIJON;C_VILLEURBANNE;5000000;17.28;0
C_DIJON;C_LYON;5000000;17.4;0
C_ANGERS;C_NANTES;5000000;8.0;0
C_ANGERS;C_LE_MANS;5000000;8.18;0
C_ANGERS;C_TOURS;5000000;9.43;0
C_NIMES;C_AVIGNON;5000000;3.78;0
C_NIMES;C_MONTPELLIER;5000000;4.63;0
C_NIMES;C_AIX_EN_PROVENCE;5000000;9.39;0
C_VILLEURBANNE;C_LYON;5000000;0.43;0
C_VILLEURBANNE;C_SAINT_ETIENNE;5000000;5.38;0
C_VILLEURBANNE;C_GRENOBLE;5000000;9.19;0
C_SAINT_DENIS;C_ARGENTEUIL;5000000;0.8;0
C_SAINT_DENIS;C_COURBEVOIE;5000000;0.86;0
C_SAINT_DENIS;C_PARIS;5000000;0.89;0
C_LE_MANS;C_TOURS;5000000;7.71;0
C_LE_MANS;C_ANGERS;5000000;8.18;0
C_LE_MANS;C_ORLEANS;5000000;12.78;0
C_AIX_EN_PROVENCE;C_MARSEILLE;5000000;2.67;0
C_AIX_EN_PROVENCE;C_TOULON;5000000;5.95;0
C_AIX_EN_PROVENCE;C_AVIGNON;5000000;6.95;0
C_CLERMONT_FERRAND;C_SAINT_ETIENNE;5000000;10.79;0
C_CLERMONT_FERRAND;C_LYON;5000000;13.56;0
C_CLERMONT_FERRAND;C_VILLEURBANNE;5000000;13.98;0
C_BREST;C_RENNES;5000000;21.01;0
C_BREST;C_NANTES;5000000;25.48;0
C_BREST;C_ANGERS;5000000;30.93;0
C_TOURS;C_LE_MANS;5000000;7.71;0
C_TOURS;C_POITIERS;5000000;9.42;0
C_TOURS;C_ANGERS;5000000;9.43;0
C_LIMOGES;C_POITIERS;5000000;10.91;0
C_LIMOGES;C_CLERMONT_FERRAND;5000000;14.17;0
C_LIMOGES;C_TOURS;5000000;17.9;0
C_AMIENS;C_LILLE;5000000;9.8;0
C_AMIENS;C_ROUEN;5000000;9.96;0
C_AMIENS;C_ARGENTEUIL;5000000;10.52;0
C_ANNECY;C_GRENOBLE;5000000;8.51;0
C_ANNECY;C_VILLEURBANNE;5000000;9.7;0
C_ANNECY;C_LYON;5000000;10.14;0
C_PERPIGNAN;C_MONTPELLIER;5000000;12.98;0
C_PERPIGNAN;C_TOULOUSE;5000000;15.56;0
C_PERPIGNAN;C_NIMES;5000000;17.43;0
C_METZ;C_NANCY;5000000;4.75;0
C_METZ;C_STRASBOURG;5000000;13.03;0
C_METZ;C_REIMS;5000000;15.66;0
C_BESANCON;C_DIJON;5000000;7.47;0
C_BESANCON;C_MULHOUSE;5000000;11.39;0
C_BESANCON;C_ANNECY;5000000;14.91;0
C_BOULOGNE_BILLANCOURT;C_NANTERRE;5000000;0.61;0
C_BOULOGNE_BILLANCOURT;C_COURBEVOIE;5000000;0.65;0
C_BOULOGNE_BILLANCOURT;C_PARIS;5000000;0.84;0
C_ORLEANS;C_VERSAILLES;5000000;10.15;0
C_ORLEANS;C_VITRY_SUR_SEINE;5000000;10.45;0
C_ORLEANS;C_CRETEIL;5000000;10.62;0
C_MULHOUSE;C_STRASBOURG;5000000;9.65;0
C_MULHOUSE;C_BESANCON;5000000;11.39;0
C_MULHOUSE;C_NANCY;5000000;13.5;0
C_ROUEN;C_LE_HAVRE;5000000;7.19;0
C_ROUEN;C_AMIENS;5000000;9.96;0
C_ROUEN;C_ARGENTEUIL;5000000;10.0;0
C_CAEN;C_LE_HAVRE;5000000;4.9;0
C_CAEN;C_ROUEN;5000000;11.05;0
C_CAEN;C_LE_MANS;5000000;13.74;0
C_NANCY;C_METZ;5000000;4.75;0
C_NANCY;C_STRASBOURG;5000000;11.6;0
C_NANCY;C_MULHOUSE;5000000;13.5;0
C_ARGENTEUIL;C_COURBEVOIE;5000000;0.57;0
C_ARGENTEUIL;C_NANTERRE;5000000;0.67;0
C_ARGENTEUIL;C_SAINT_DENIS;5000000;0.8;0
C_MONTREUIL;C_PARIS;5000000;0.71;0
C_MONTREUIL;C_CRETEIL;5000000;0.91;0
C_MONTREUIL;C_VITRY_SUR_SEINE;5000000;0.95;0
C_ROUBAIX;C_TOURCOING;5000000;0.41;0
C_ROUBAIX;C_LILLE;5000000;1.1;0
C_ROUBAIX;C_DUNKERQUE;5000000;6.78;0
C_TOURCOING;C_ROUBAIX;5000000;0.41;0
C_TOURCOING;C_LILLE;5000000;1.27;0
C_TOURCOING;C_DUNKERQUE;5000000;6.43;0
C_DUNKERQUE;C_TOURCOING;5000000;6.43;0
C_DUNKERQUE;C_LILLE;5000000;6.57;0
C_DUNKERQUE;C_ROUBAIX;5000000;6.78;0
C_NANTERRE;C_COURBEVOIE;5000000;0.31;0
C_NANTERRE;C_BOULOGNE_BILLANCOURT;5000000;0.61;0
C_NANTERRE;C_ARGENTEUIL;5000000;0.67;0
C_CRETEIL;C_VITRY_SUR_SEINE;5000000;0.49;0
C_CRETEIL;C_MONTREUIL;5000000;0.91;0
C_CRETEIL;C_PARIS;5000000;1.17;0
C_AVIGNON;C_NIMES;5000000;3.78;0
C_AVIGNON;C_AIX_EN_PROVENCE;5000000;6.95;0
C_AVIGNON;C_MONTPELLIER;5000000;8.35;0
C_VITRY_SUR_SEINE;C_CRETEIL;5000000;0.49;0
C_VITRY_SUR_SEINE;C_PARIS;5000000;0.87;0
C_VITRY_SUR_SEINE;C_MONTREUIL;5000000;0.95;0
C_POITIERS;C_TOURS;5000000;9.42;0
C_POITIERS;C_LIMOGES;5000000;10.91;0
C_POITIERS;C_ANGERS;5000000;12.11;0
C_COURBEVOIE;C_NANTERRE;5000000;0.31;0
C_COURBEVOIE;C_ARGENTEUIL;5000000;0.57;0
C_COURBEVOIE;C_BOULOGNE_BILLANCOURT;5000000;0.65;0
C_VERSAILLES;C_BOULOGNE_BILLANCOURT;5000000;0.96;0
C_VERSAILLES;C_NANTERRE;5000000;1.2;0
C_VERSAILLES;C_COURBEVOIE;5000000;1.43;0
C_PAU;C_TOULOUSE;5000000;15.05;0
C_PAU;C_BORDEAUX;5000000;17.23;0
C_PAU;C_PERPIGNAN;5000000;27.4;0
P_BELLEVILLE;P_DAMPIERRE_EN_BURLY;1000000;3.66;0
P_BLAYAIS_(LE);P_CIVAUX;1000000;16.94;0
P_BUGEY_(LE);P_ST_ALBAN_ST_MAURICE;1000000;5.93;0
P_CATTENOM;P_BLENOD;1000000;6.19;0
P_CHINON_B;P_CIVAUX;1000000;9.27;0
P_CHOOZ_B;P_REVIN;1000000;2.22;0
P_CIVAUX;P_CHINON_B;1000000;9.27;0
P_CRUAS;P_TRICASTIN_(LE);1000000;3.41;0
P_DAMPIERRE_EN_BURLY;P_BELLEVILLE;1000000;3.66;0
P_FLAMANVILLE;P_RANCE;1000000;10.26;0
P_GOLFECH;P_SAINT_ETIENNE_CANTALES;1000000;14.34;0
P_GRAVELINES;P_BOUCHAIN;1000000;11.5;0
P_NOGENT_SUR_SEINE;P_MONTEREAU;1000000;5.2;0
P_PALUEL;P_PENLY;1000000;4.32;0
P_PENLY;P_PALUEL;1000000;4.32;0
P_ST_ALBAN_ST_MAURICE;P_BUGEY_(LE);1000000;5.93;0
P_ST_LAURENT_DES_EAUX_B;P_DAMPIERRE_EN_BURLY;1000000;7.01;0
P_TRICASTIN_(LE);P_CRUAS;1000000;3.41;0
P_ARRIGHI;P_VAIRES_SUR_MARNE;1000000;1.94;0
P_BLENOD;P_CATTENOM;1000000;6.19;0
P_BOUCHAIN;P_REVIN;1000000;10.13;0
P_BRENNILIS;P_DIRINON;1000000;2.94;0
P_CORDEMAIS;P_RANCE;1000000;14.97;0
P_DIRINON;P_BRENNILIS;1000000;2.94;0
P_GENNEVILLIERS;P_ARRIGHI;1000000;1.98;0
P_MARTIGUES_PONTEAU;P_SAINT_CHAMAS;1000000;1.93;0
P_MONTEREAU;P_NOGENT_SUR_SEINE;1000000;5.2;0
P_VAIRES_SUR_MARNE;P_ARRIGHI;1000000;1.94;0
P_BATHIE_(LA);P_RANDENS;1000000;1.63;0
P_GRAND_MAISON;P_SAINT_GUILLERME_II;1000000;1.31;0
P_REVIN;P_CHOOZ_B;1000000;2.22;0
P_MONTEZIC;P_BROMMAT;1000000;0.53;0
P_VILLARODIN;P_COMBE_D'AVRIEUX;1000000;0.04;0
P_MALGOVERT;P_COCHE_(LA);1000000;2.56;0
P_POUGET_(LE);P_MONTAHUT;1000000;5.58;0
P_COCHE_(LA);P_RANDENS;1000000;1.54;0
P_CHEYLAS_(LE);P_GRAND_MAISON;1000000;2.68;0
P_MONTEYNARD;P_SAINT_PIERRE_COGNET;1000000;1.2;0
P_BROMMAT;P_MONTEZIC;1000000;0.53;0
P_SUPER_BISSORTE;P_SAUSSAZ_II_(LA);1000000;0.8;0
P_SERRE_PONCON;P_CURBANS;1000000;1.71;0
P_VOUGLANS;P_BUGEY_(LE);1000000;7.29;0
P_PRAGNERES;P_ASTON;1000000;13.6;0
P_BORT;P_AIGLE_(L');1000000;2.85;0
P_AIGLE_(L');P_CHASTANG_(LE);1000000;1.98;0
P_SAINT_GUILLERME_II;P_GRAND_MAISON;1000000;1.31;0
P_MONTAHUT;P_POUGET_(LE);1000000;5.58;0
P_HOSPITALET_(L');P_ORLU;1000000;1.46;0
P_COMBE_D'AVRIEUX;P_VILLARODIN;1000000;0.04;0
P_ORLU;P_HOSPITALET_(L');1000000;1.46;0
P_MONTPEZAT;P_PIED_DE_BORNE;1000000;3.17;0
P_SARRANS;P_BROMMAT;1000000;0.81;0
P_SAINTE_CROIX;P_ORAISON;1000000;2.65;0
P_CHASTANG_(LE);P_AIGLE_(L');1000000;1.98;0
P_GRANDVAL;P_SARRANS;1000000;2.83;0
P_VOGELGRUN;P_FESSENHEIM;1000000;1.17;0
P_ASTON;P_ORLU;1000000;2.15;0
P_COUESQUE;P_MONTEZIC;1000000;0.61;0
P_CURBANS;P_SERRE_PONCON;1000000;1.71;0
P_FESSENHEIM;P_VOGELGRUN;1000000;1.17;0
P_GERSTHEIM;P_RHINAU;1000000;1.38;0
P_HERMILLON;P_SAUSSAZ_II_(LA);1000000;1.24;0
P_KEMBS;P_OTTMARSHEIM;1000000;1.33;0
P_MARCKOLSHEIM;P_VOGELGRUN;1000000;1.49;0
P_ORAISON;P_SAINTE_CROIX;1000000;2.65;0
P_OTTMARSHEIM;P_KEMBS;1000000;1.33;0
P_PASSY;P_MALGOVERT;1000000;3.37;0
P_PIED_DE_BORNE;P_MONTPEZAT;1000000;3.17;0
P_RANCE;P_FLAMANVILLE;1000000;10.26;0
P_RANDENS;P_COCHE_(LA);1000000;1.54;0
P_RHINAU;P_GERSTHEIM;1000000;1.38;0
P_SAINT_CHAMAS;P_MARTIGUES_PONTEAU;1000000;1.93;0
P_SAINT_ESTEVE;P_SAINT_CHAMAS;1000000;3.11;0
P_SAINT_ETIENNE_CANTALES;P_CHASTANG_(LE);1000000;2.82;0
P_SAINT_PIERRE_COGNET;P_MONTEYNARD;1000000;1.2;0
P_SAUSSAZ_II_(LA);P_SUPER_BISSORTE;1000000;0.8;0
P_SISTERON;P_CURBANS;1000000;2.89;0
P_STRASBOURG;P_GERSTHEIM;1000000;1.45;0
